constant,area,yearc
1,35,1939
1,104,1939
1,29,1971
1,39,1972
1,97,1985
1,62,1962
1,31,1965
1,61,1957.5
1,72,1978
1,75,1968
1,65,1956
1,91,1984
1,100,1959
1,32,1994.5
1,64,1962
1,63,1929
1,103,1955
1,73,1980
1,60,1957
1,58,1934
1,32,1972
1,81,1996
1,39,1935
1,108,1955
1,87,1979
1,60,1939
1,125,1979
1,67,1964
1,80,1972
1,74,1957
1,42,1962
1,39,1996
1,90,1983
1,80,1971
1,41,1960
1,59,1960
1,107,1918
1,63,1929
1,156,1918
1,110,1918
1,64,1918
1,75,1960
1,54,1934
1,70,1970
1,71,1970
1,33,1967
1,35,1939
1,27,1972
1,48,1972
1,54,1986
1,30,1972
1,86,1965
1,60,1957.5
1,87,1981
1,78,1991
1,78,1969
1,96,1967
1,71,1965
1,59,1986
1,82,1982
1,87,1972
1,78,1929
1,75,1967
1,70,1965
1,57,1972
1,75,1984
1,64,1957.5
1,58,1994.5
1,57,1918
1,123,1918
1,60,1956
1,91,1958
1,53,1956
1,88,1960
1,56,1929
1,84,1956
1,75,1994.5
1,77,1964
1,77,1961
1,54,1990
1,71,1965
1,85,1957.5
1,58,1994
1,84,1973
1,67,1972
1,96,1924
1,54,1979
1,42,1971
1,72,1983
1,61,1983
1,46,1965
1,36,1985
1,61,1983
1,46,1991
1,28,1965
1,105,1991
1,70,1987
1,49,1957.5
1,88,1983
1,81,1962
1,87,1972
1,55,1969
1,65,1939
1,82,1941
1,48,1929
1,39,1957.5
1,88,1957.5
1,57,1964
1,68,1918
1,59,1958
1,74,1964
1,70,1939
1,47,1964
1,50,1990
1,68,1955
1,87,1969
1,45,1973
1,51,1971
1,80,1969
1,77,1936
1,63,1951
1,70,1965
1,72,1972
1,70,1971
1,55,1971
1,82,1996
1,74,1972
1,83,1972
1,107,1972
1,55,1959
1,65,1957
1,65,1974
1,45,1991
1,78,1986
1,29,1974
1,31,1963
1,84,1962
1,82,1995
1,48,1983
1,53,1993
1,66,1971
1,62,1984
1,68,1971
1,63,1929
1,57,1995
1,100,1994
1,85,1995
1,53,1971
1,100,1972
1,90,1991
1,57,1970
1,62,1962
1,98,1918
1,54,1988
1,57,1996
1,72,1951
1,47,1957.5
1,76,1964
1,108,1956
1,85,1957.5
1,52,1957.5
1,79,1918
1,79,1957.5
1,30,1956
1,60,1990
1,50,1979
1,65,1984
1,72,1958
1,66,1957.5
1,93,1955
1,70,1964
1,66,1957.5
1,101,1959
1,140,1957.5
1,75,1968
1,79,1962
1,105,1980
1,117,1980
1,54,1995
1,82,1929
1,55,1918
1,71,1957.5
1,98,1957.5
1,72,1918
1,62,1929
1,29,1971
1,61,1969
1,94,1929
1,74,1948
1,39,1968
1,63,1968
1,46,1954
1,88,1971
1,44,1957.5
1,68,1929
1,83,1957.5
1,76,1918
1,140,1929
1,100,1935
1,30,1959
1,100,1968
1,45,1936
1,73,1955
1,51,1954
1,79,1969
1,67,1973
1,39,1949
1,56,1969
1,58,1939
1,45,1996
1,52,1918
1,41,1994
1,105,1973
1,73,1960
1,73,1960
1,110,1954
1,110,1960
1,64,1961
1,60,1963
1,30,1972
1,60,1952
1,101,1957
1,80,1929
1,110,1963
1,50,1973
1,82,1954
1,40,1970
1,75,1994.5
1,87,1966
1,55,1971
1,70,1972
1,80,1984
1,71,1957.5
1,69,1971
1,84,1968
1,76,1956
1,92,1955
1,67,1960
1,80,1958
1,50,1957
1,70,1939
1,65,1972
1,60,1972
1,67,1965
1,69,1929
1,28,1959
1,86,1970
1,63,1962
1,62,1994.5
1,88,1982
1,90,1994.5
1,65,1956
1,75,1972
1,76,1967
1,66,1937
1,49,1971
1,80,1918
1,82,1964
1,59,1940
1,62,1954
1,57,1936
1,29,1983
1,48,1967
1,50,1972
1,90,1950
1,23,1972
1,30,1973
1,76,1918
1,26,1957.5
1,50,1918
1,85,1973
1,38,1955
1,87,1936
1,85,1939
1,32,1973
1,48,1962
1,39,1958
1,80,1965
1,42,1957.5
1,82,1918
1,35,1960
1,81,1955
1,81,1918
1,53,1961
1,85,1918
1,77,1957.5
1,137,1939
1,56,1918
1,80,1918
1,44,1957.5
1,65,1956
1,110,1924
1,120,1918
1,32,1983
1,48,1983
1,74,1939
1,74,1973
1,100,1981
1,61,1918
1,92,1939
1,60,1964
1,38,1959
1,95,1957.5
1,54,1918
1,33,1957.5
1,82,1969
1,55,1984
1,40,1958
1,93,1929
1,76,1918
1,63,1950
1,85,1997
1,56,1963
1,58,1972
1,32,1972
1,30,1968
1,28,1970
1,63,1991
1,60,1918
1,84,1935
1,65,1957.5
1,105,1929
1,77,1939
1,85,1996
1,70,1929
1,47,1929
1,80,1972
1,77,1962
1,111,1954
1,58,1962
1,82,1954
1,73,1973
1,70,1973
1,98,1959
1,65,1961
1,105,1975
1,63,1982
1,76,1955
1,79,1939
1,109,1924
1,64,1918
1,78,1972
1,110,1957.5
1,61,1969
1,70,1991
1,80,1918
1,48,1972
1,83,1929
1,48,1972
1,69,1957.5
1,40,1964
1,54,1984
1,107,1969
1,126,1957
1,55,1957.5
1,128,1929
1,89,1980
1,110,1918
1,28,1969
1,35,1918
1,54,1918
1,53,1957.5
1,95,1918
1,123,1929
1,56,1939
1,92,1994.5
1,132,1995
1,58,1957.5
1,95,1976
1,100,1967
1,80,1970
1,28,1992
1,80,1973
1,65,1965
1,46,1991
1,79,1991
1,56,1988
1,75,1972
1,49,1957.5
1,75,1957.5
1,74,1929
1,31,1929
1,45,1918
1,75,1959
1,60,1957.5
1,49,1959
1,101,1918
1,80,1929
1,35,1929
1,138,1918
1,84,1918
1,30,1970
1,58,1970
1,85,1964
1,50,1957.5
1,56,1956
1,62,1962
1,52,1969
1,64,1963
1,22,1958
1,86,1962
1,52,1960
1,51,1971
1,60,1939
1,54,1959
1,47,1971
1,48,1918
1,84,1970
1,50,1957.5
1,49,1953
1,55,1957.5
1,58,1971
1,64,1972
1,70,1940
1,63,1961
1,85,1970
1,45,1972
1,50,1965
1,60,1992
1,64,1929
1,74,1957.5
1,30,1956
1,76,1971
1,50,1929
1,64,1972
1,55,1939
1,79,1918
1,137,1918
1,145,1929
1,56,1957.5
1,102,1918
1,34,1971
1,30,1918
1,64,1972
1,59,1973
1,77,1957
1,55,1957.5
1,44,1984
1,49,1918
1,48,1955
1,56,1969
1,155,1918
1,118,1918
1,71,1956
1,160,1918
1,36,1959
1,93,1918
1,63,1991
1,89,1960
1,67,1918
1,59,1924
1,63,1957.5
1,77,1972
1,88,1964
1,70,1957.5
1,57,1939
1,49,1988
1,33,1939
1,88,1983
1,78,1955
1,76,1977
1,102,1970
1,74,1970
1,64,1958
1,55,1983
1,73,1969
1,65,1967
1,98,1966
1,55,1955
1,110,1955
1,104,1918
1,81,1939
1,78,1936
1,35,1958
1,45,1939
1,55,1972
1,75,1973
1,42,1983
1,75,1955
1,68,1965
1,22,1970
1,59,1952
1,57,1972
1,69,1963
1,66,1963
1,95,1929
1,108,1989
1,60,1950
1,31,1929
1,130,1918
1,56,1957.5
1,44,1973
1,58,1930
1,42,1974
1,78,1918
1,50,1929
1,74,1959
1,104,1957
1,58,1959
1,90,1957.5
1,96,1929
1,63,1939
1,58,1956
1,68,1918
1,65,1957.5
1,80,1929
1,55,1929
1,35,1975
1,88,1929
1,85,1958
1,42,1952
1,96,1918
1,68,1972
1,110,1939
1,71,1918
1,108,1918
1,92,1972
1,57,1994.5
1,57,1958
1,57,1972
1,92,1963
1,75,1957.5
1,61,1957.5
1,89,1973
1,85,1957.5
1,95,1991
1,56,1983
1,44,1968
1,79,1957.5
1,76,1924
1,155,1918
1,97,1960
1,110,1990
1,78,1936
1,73,1993
1,78,1981
1,94,1939
1,72,1918
1,55,1956
1,89,1976
1,58,1980
1,55,1957.5
1,70,1972
1,57,1963
1,110,1965
1,102,1959
1,55,1960
1,71,1918
1,45,1957.5
1,87,1971
1,76,1959
1,152,1918
1,80,1957.5
1,54,1970
1,82,1969
1,80,1918
1,82,1962
1,87,1972
1,73,1962
1,87,1930
1,80,1962
1,82,1939
1,60,1966
1,77,1929
1,81,1929
1,68,1918
1,52,1956
1,65,1957
1,85,1972
1,96,1936
1,69,1991
1,30,1957.5
1,87,1918
1,57,1962
1,60,1972
1,40,1966
1,40,1967
1,38,1986
1,78,1971
1,30,1956
1,79,1929
1,82,1918
1,129,1918
1,80,1958
1,35,1953
1,32,1972
1,62,1971
1,46,1959
1,75,1956
1,45,1929
1,70,1918
1,29,1957
1,52,1961
1,69,1918
1,77,1960
1,60,1960
1,85,1992
1,76,1969
1,68,1960
1,66,1981
1,45,1971
1,108,1971
1,69,1971
1,83,1973
1,75,1918
1,47,1992
1,64,1959
1,52,1992
1,43,1972
1,81,1918
1,33,1983
1,84,1988
1,71,1957.5
1,51,1984
1,36,1968
1,120,1983
1,54,1984
1,99,1957.5
1,95,1980
1,111,1954
1,52,1966
1,102,1954
1,54,1957.5
1,58,1936
1,56,1918
1,65,1929
1,74,1984
1,57,1986
1,80,1959
1,52,1957
1,45,1939
1,58,1994
1,125,1918
1,73,1918
1,96,1957
1,73,1965
1,65,1918
1,76,1983
1,62,1983
1,96,1929
1,75,1957.5
1,60,1957.5
1,67,1918
1,75,1971
1,50,1957.5
1,36,1971
1,60,1918
1,93,1961
1,93,1955
1,120,1929
1,89,1954
1,30,1959
1,36,1918
1,38,1960
1,69,1991
1,73,1972
1,84,1964
1,64,1972
1,56,1956
1,60,1954
1,81,1918
1,50,1972
1,59,1981
1,30,1974
1,36,1960
1,26,1972
1,74,1929
1,76,1970
1,49,1918
1,56,1957.5
1,85,1918
1,75,1957.5
1,56,1918
1,96,1967
1,95,1918
1,78,1929
1,49,1971
1,38,1958
1,34,1984
1,29,1972
1,59,1957.5
1,69,1965
1,107,1972
1,65,1918
1,115,1955
1,45,1918
1,82,1984
1,85,1985
1,90,1939
1,110,1973
1,72,1970
1,72,1972
1,61,1937
1,87,1972
1,82,1957.5
1,54,1957.5
1,97,1939
1,60,1957.5
1,59,1957
1,86,1918
1,55,1918
1,39,1939
1,64,1918
1,51,1957
1,80,1930
1,90,1918
1,60,1956
1,38,1929
1,65,1929
1,35,1967
1,130,1929
1,70,1991
1,55,1918
1,58,1961
1,120,1939
1,51,1967
1,78,1959
1,61,1957.5
1,56,1959
1,95,1972
1,79,1924
1,70,1957.5
1,73,1991
1,79,1957.5
1,54,1984
1,120,1929
1,33,1977
1,70,1991
1,130,1957.5
1,85,1918
1,86,1991
1,67,1918
1,71,1939
1,80,1957.5
1,58,1991
1,32,1929
1,56,1959
1,71,1983
1,50,1959
1,70,1918
1,47,1918
1,90,1918
1,40,1958
1,69,1918
1,77,1972
1,77,1918
1,31,1939
1,86,1918
1,60,1918
1,58,1957.5
1,39,1957
1,104,1918
1,78,1918
1,96,1918
1,82,1918
1,64,1966
1,69,1973
1,48,1965
1,50,1924
1,59,1987
1,67,1984
1,89,1971
1,82,1960
1,55,1969
1,83,1970
1,59,1939
1,101,1979
1,55,1969
1,77,1975
1,50,1959
1,57,1918
1,62,1962
1,89,1981
1,87,1984
1,60,1963
1,35,1970
1,36,1931
1,65,1929
1,77,1918
1,39,1985
1,83,1985
1,108,1918
1,31,1918
1,100,1961
1,80,1957.5
1,68,1956
1,75,1957.5
1,58,1953
1,55,1997
1,42,1939
1,84,1973
1,78,1957.5
1,80,1957.5
1,58,1957.5
1,71,1959
1,50,1969
1,58,1918
1,59,1939
1,55,1918
1,82,1959
1,52,1959
1,60,1957.5
1,62,1918
1,86,1980
1,70,1984
1,54,1966
1,53,1957.5
1,133,1961
1,75,1972
1,65,1954
1,51,1918
1,74,1939
1,86,1939
1,99,1962
1,100,1918
1,33,1972
1,83,1957.5
1,52,1924
1,108,1955
1,41,1982
1,115,1918
1,99,1991
1,65,1918
1,87,1981
1,66,1964
1,30,1959
1,60,1987
1,52,1918
1,47,1957.5
1,56,1984
1,80,1980
1,70,1965
1,56,1984
1,93,1939
1,54,1959
1,65,1957
1,70,1957.5
1,80,1972
1,110,1929
1,84,1957.5
1,47,1938
1,24,1983
1,57,1956
1,34,1924
1,85,1963
1,64,1957.5
1,85,1967
1,79,1956
1,47,1972
1,97,1971
1,61,1970
1,60,1939
1,50,1967
1,93,1953
1,80,1939
1,87,1972
1,105,1929
1,54,1929
1,90,1996
1,45,1929
1,56,1932
1,45,1939
1,66,1954
1,52,1918
1,69,1918
1,62,1984
1,70,1918
1,54,1957.5
1,56,1929
1,100,1929
1,76,1963
1,51,1972
1,34,1952
1,50,1962
1,61,1957.5
1,88,1983
1,57,1924
1,74,1918
1,90,1924
1,110,1962
1,50,1986
1,79,1955
1,85,1930
1,63,1929
1,85,1918
1,87,1924
1,40,1973
1,24,1971
1,67,1957.5
1,72,1968
1,70,1918
1,80,1957.5
1,132,1939
1,92,1918
1,102,1930
1,45,1929
1,86,1929
1,25,1965
1,73,1962
1,66,1959
1,62,1963
1,29,1961
1,69,1939
1,62,1929
1,93,1955
1,74,1938
1,53,1996
1,34,1991
1,60,1956
1,103,1929
1,60,1962
1,56,1918
1,28,1918
1,90,1918
1,30,1957.5
1,91,1918
1,80,1971
1,73,1954
1,95,1971
1,87,1971
1,60,1965
1,60,1918
1,52,1986
1,62,1918
1,75,1918
1,38,1918
1,60,1957.5
1,91,1970
1,52,1968
1,69,1972
1,34,1960
1,74,1924
1,73,1967
1,52,1918
1,65,1918
1,91,1918
1,67,1958
1,81,1918
1,29,1957.5
1,38,1965
1,47,1994.5
1,77,1981
1,56,1918
1,51,1982
1,68,1983
1,83,1960
1,77,1964
1,124,1997
1,70,1918
1,96,1941
1,37,1957.5
1,72,1970
1,125,1991
1,83,1929
1,141,1929
1,66,1972
1,93,1972
1,29,1969
1,64,1929
1,80,1962
1,43,1957.5
1,106,1972
1,86,1968
1,73,1968
1,45,1992
1,84,1939
1,88,1968
1,39,1974
1,40,1957.5
1,40,1968
1,97,1972
1,87,1963
1,65,1965
1,65,1963
1,62,1957.5
1,69,1918
1,36,1969
1,61,1960
1,38,1994.5
1,44,1991
1,62,1985
1,80,1974
1,76,1918
1,74,1957.5
1,94,1918
1,70,1957.5
1,37,1957.5
1,81,1972
1,37,1972
1,65,1956
1,93,1918
1,30,1971
1,68,1957.5
1,63,1918
1,38,1929
1,67,1972
1,62,1957.5
1,78,1957.5
1,104,1957.5
1,59,1986
1,101,1971
1,65,1972
1,102,1924
1,43,1957.5
1,45,1974
1,49,1965
1,56,1982
1,108,1955
1,40,1935
1,68,1957
1,103,1982
1,73,1954
1,75,1957.5
1,68,1957.5
1,68,1995
1,60,1957.5
1,48,1965
1,52,1972
1,98,1973
1,47,1972
1,76,1929
1,49,1972
1,54,1969
1,60,1972
1,68,1991
1,31,1972
1,47,1924
1,81,1969
1,68,1939
1,46,1969
1,78,1957.5
1,87,1963
1,107,1929
1,78,1961
1,85,1965
1,76,1987
1,31,1983
1,90,1957.5
1,55,1970
1,108,1939
1,90,1918
1,58,1918
1,70,1929
1,39,1970
1,63,1992
1,48,1918
1,70,1918
1,61,1918
1,154,1994
1,118,1918
1,74,1918
1,55,1934
1,55,1962
1,81,1969
1,78,1929
1,92,1918
1,83,1972
1,79,1929
1,84,1962
1,100,1918
1,76,1954
1,45,1918
1,105,1918
1,52,1918
1,38,1989
1,60,1981
1,115,1918
1,114,1918
1,45,1983
1,79,1957
1,45,1958
1,75,1978
1,79,1962
1,72,1972
1,28,1957.5
1,83,1937
1,84,1939
1,35,1986
1,48,1960
1,93,1941
1,60,1972
1,64,1965
1,54,1975
1,58,1972
1,63,1939
1,79,1956
1,48,1960
1,65,1967
1,75,1918
1,38,1959
1,34,1918
1,40,1918
1,59,1918
1,65,1960
1,56,1967
1,89,1983
1,109,1929
1,100,1939
1,76,1929
1,32,1967
1,98,1955
1,104,1929
1,110,1918
1,47,1924
1,136,1918
1,66,1964
1,72,1954
1,90,1918
1,43,1965
1,32,1957.5
1,35,1994.5
1,70,1987
1,94,1918
1,60,1929
1,70,1918
1,87,1918
1,79,1972
1,67,1985
1,36,1959
1,72,1953
1,68,1979
1,55,1929
1,58,1957.5
1,75,1935
1,84,1918
1,56,1971
1,73,1971
1,58,1984
1,38,1972
1,72,1957.5
1,69,1957.5
1,92,1957.5
1,78,1957.5
1,73,1957.5
1,87,1971
1,55,1936
1,74,1955
1,92,1972
1,43,1939
1,66,1918
1,106,1918
1,84,1962
1,114,1929
1,79,1972
1,38,1988
1,42,1952
1,59,1918
1,93,1939
1,44,1939
1,104,1918
1,60,1957.5
1,55,1918
1,73,1961
1,70,1931
1,33,1972
1,70,1964
1,66,1965
1,57,1964
1,26,1962
1,35,1972
1,42,1957.5
1,55,1918
1,69,1965
1,88,1957
1,55,1971
1,65,1960
1,78,1955
1,80,1954
1,108,1924
1,30,1972
1,43,1918
1,80,1929
1,68,1918
1,90,1963
1,92,1966
1,98,1962
1,53,1983
1,59,1968
1,40,1958
1,65,1939
1,50,1990
1,43,1983
1,35,1970
1,37,1968
1,78,1968
1,117,1957.5
1,110,1929
1,48,1957.5
1,150,1918
1,88,1929
1,54,1956
1,53,1963
1,54,1967
1,73,1939
1,83,1935
1,38,1971
1,69,1955
1,43,1956
1,52,1929
1,70,1984
1,93,1918
1,54,1957.5
1,88,1934
1,83,1986
1,72,1972
1,30,1973
1,72,1972
1,73,1972
1,110,1983
1,33,1962
1,58,1962
1,80,1972
1,71,1972
1,76,1918
1,40,1962
1,30,1958
1,32,1972
1,49,1994
1,84,1970
1,55,1962
1,23,1973
1,52,1968
1,105,1918
1,147,1918
1,115,1929
1,84,1986
1,56,1973
1,54,1962
1,78,1939
1,47,1959
1,70,1957.5
1,55,1962
1,53,1968
1,97,1994.5
1,80,1963
1,60,1983
1,65,1963
1,61,1954
1,75,1993
1,49,1983
1,65,1993
1,80,1973
1,52,1994
1,52,1957.5
1,43,1955
1,43,1971
1,75,1957.5
1,160,1918
1,38,1962
1,37,1959
1,56,1918
1,64,1952
1,57,1986
1,80,1918
1,60,1954
1,30,1918
1,56,1973
1,60,1983
1,70,1968
1,74,1968
1,43,1983
1,95,1964
1,54,1966
1,79,1972
1,108,1957.5
1,70,1929
1,32,1974
1,90,1961
1,50,1918
1,100,1968
1,100,1918
1,98,1955
1,94,1918
1,68,1973
1,60,1994.5
1,84,1973
1,70,1971
1,75,1968
1,29,1967
1,115,1918
1,44,1924
1,56,1979
1,75,1957.5
1,82,1977
1,128,1918
1,80,1960
1,41,1955
1,60,1939
1,54,1929
1,31,1959
1,60,1918
1,112,1918
1,69,1972
1,48,1953
1,136,1918
1,30,1959
1,80,1918
1,65,1929
1,75,1957.5
1,62,1989
1,51,1929
1,59,1918
1,68,1957.5
1,47,1932
1,70,1961
1,33,1963
1,69,1967
1,58,1939
1,56,1970
1,49,1918
1,117,1957.5
1,93,1989
1,58,1939
1,65,1982
1,67,1918
1,36,1970
1,51,1971
1,72,1959
1,67,1962
1,38,1956
1,56,1930
1,55,1918
1,30,1918
1,76,1918
1,110,1929
1,70,1918
1,97,1973
1,80,1929
1,60,1968
1,72,1965
1,126,1996
1,65,1936
1,75,1974
1,61,1967
1,48,1972
1,50,1989
1,28,1974
1,55,1939
1,110,1918
1,69,1997
1,83,1957.5
1,87,1971
1,120,1957.5
1,50,1963
1,46,1957.5
1,54,1957
1,40,1971
1,86,1972
1,40,1964
1,55,1939
1,50,1957.5
1,72,1959
1,20,1967
1,32,1961
1,84,1972
1,114,1931
1,90,1971
1,71,1994
1,109,1918
1,60,1929
1,62,1918
1,49,1957.5
1,64,1957
1,72,1965
1,74,1971
1,62,1994.5
1,44,1970
1,35,1966
1,73,1918
1,63,1939
1,68,1972
1,75,1918
1,60,1957.5
1,25,1957.5
1,115,1968
1,54,1950
1,66,1957.5
1,52,1960
1,50,1929
1,64,1957.5
1,78,1984
1,30,1957.5
1,36,1972
1,67,1993
1,62,1984
1,50,1982
1,63,1938
1,79,1968
1,60,1983
1,79,1918
1,130,1957.5
1,43,1918
1,87,1957.5
1,60,1918
1,87,1918
1,84,1968
1,63,1994.5
1,140,1918
1,75,1957.5
1,73,1953
1,70,1957.5
1,64,1960
1,44,1973
1,56,1918
1,150,1954
1,133,1918
1,60,1918
1,65,1960
1,33,1994
1,84,1957
1,78,1929
1,98,1924
1,49,1972
1,110,1979
1,52,1983
1,63,1991
1,75,1957.5
1,70,1957.5
1,60,1957.5
1,70,1929
1,70,1918
1,80,1957.5
1,58,1959
1,84,1957.5
1,88,1957.5
1,90,1918
1,84,1965
1,59,1984
1,53,1937
1,64,1960
1,58,1963
1,40,1957.5
1,79,1972
1,60,1937
1,36,1938
1,55,1971
1,58,1993
1,43,1983
1,92,1989
1,57,1972
1,75,1967
1,50,1969
1,70,1965
1,73,1994.5
1,61,1961
1,105,1918
1,65,1954
1,76,1955
1,87,1918
1,105,1957.5
1,86,1995
1,52,1918
1,44,1995
1,33,1959
1,20,1956
1,50,1962
1,75,1968
1,55,1957.5
1,96,1969
1,61,1929
1,84,1918
1,47,1984
1,61,1991
1,110,1992
1,106,1970
1,30,1971
1,57,1924
1,49,1950
1,34,1972
1,80,1966
1,60,1991
1,78,1995
1,79,1972
1,64,1977
1,78,1973
1,32,1964
1,70,1968
1,58,1972
1,32,1965
1,53,1931
1,67,1939
1,104,1984
1,55,1918
1,63,1956
1,35,1973
1,26,1973
1,70,1963
1,58,1994.5
1,62,1960
1,59,1972
1,53,1983
1,68,1961
1,71,1967
1,23,1970
1,69,1975
1,47,1924
1,58,1985
1,139,1929
1,57,1957.5
1,69,1918
1,62,1974
1,34,1993
1,35,1979
1,27,1956
1,76,1965
1,58,1964
1,59,1984
1,77,1918
1,60,1918
1,48,1918
1,56,1929
1,88,1918
1,50,1961
1,98,1972
1,68,1957.5
1,52,1971
1,70,1962
1,71,1962
1,57,1939
1,83,1929
1,40,1952
1,73,1959
1,113,1918
1,160,1918
1,57,1957.5
1,71,1956
1,35,1939
1,76,1989
1,40,1970
1,51,1973
1,94,1973
1,56,1961
1,123,1929
1,120,1918
1,83,1954
1,52,1961
1,64,1959
1,56,1990
1,66,1918
1,30,1971
1,49,1964
1,97,1971
1,40,1918
1,71,1962
1,58,1968
1,68,1959
1,45,1918
1,65,1966
1,44,1972
1,40,1972
1,96,1991
1,53,1974
1,59,1942
1,78,1929
1,35,1957.5
1,67,1984
1,66,1979
1,71,1983
1,82,1941
1,34,1974
1,89,1984
1,88,1957.5
1,47,1964
1,72,1918
1,70,1994.5
1,71,1967
1,72,1970
1,64,1963
1,63,1924
1,47,1986
1,42,1973
1,68,1972
1,35,1957.5
1,77,1918
1,59,1964
1,99,1918
1,64,1971
1,59,1957.5
1,26,1953
1,79,1957.5
1,39,1957.5
1,62,1957.5
1,59,1956
1,62,1983
1,59,1955
1,68,1960
1,79,1971
1,74,1971
1,82,1963
1,83,1918
1,103,1918
1,69,1970
1,80,1982
1,38,1983
1,28,1960
1,70,1918
1,100,1918
1,79,1957.5
1,72,1974
1,64,1964
1,72,1957.5
1,37,1971
1,28,1969
1,131,1918
1,40,1918
1,70,1995
1,39,1957.5
1,35,1971
1,36,1957.5
1,79,1994.5
1,70,1957.5
1,104,1961
1,68,1957.5
1,39,1962
1,46,1970
1,69,1965
1,84,1973
1,50,1960
1,32,1972
1,27,1957.5
1,110,1929
1,43,1975
1,64,1918
1,71,1968
1,39,1918
1,48,1983
1,75,1957.5
1,32,1965
1,69,1955
1,120,1918
1,63,1957.5
1,90,1918
1,62,1957.5
1,52,1939
1,33,1972
1,87,1957.5
1,24,1960
1,52,1960
1,28,1991
1,82,1984
1,33,1957.5
1,65,1964
1,70,1957.5
1,60,1958
1,60,1957.5
1,65,1983
1,75,1918
1,33,1967
1,48,1977
1,107,1994.5
1,34,1957.5
1,73,1962
1,34,1968
1,70,1957.5
1,30,1918
1,66,1951
1,42,1991
1,90,1918
1,102,1970
1,85,1929
1,70,1963
1,66,1963
1,65,1929
1,83,1972
1,80,1918
1,33,1972
1,60,1968
1,40,1995
1,84,1983
1,83,1994.5
1,105,1961
1,65,1957.5
1,68,1959
1,43,1994.5
1,39,1957.5
1,35,1994.5
1,106,1924
1,110,1918
1,54,1990
1,51,1972
1,64,1981
1,42,1957
1,120,1918
1,42,1938
1,37,1967
1,49,1957.5
1,66,1968
1,104,1983
1,69,1959
1,28,1965
1,55,1968
1,64,1957.5
1,46,1918
1,60,1957.5
1,65,1963
1,35,1972
1,65,1957.5
1,44,1972
1,94,1981
1,27,1983
1,52,1958
1,73,1918
1,38,1988
1,148,1918
1,100,1970
1,44,1955
1,49,1957.5
1,60,1957.5
1,62,1972
1,90,1961
1,124,1979
1,65,1967
1,123,1929
1,68,1963
1,70,1956
1,80,1968
1,84,1967
1,84,1929
1,39,1960
1,37,1954
1,76,1957.5
1,75,1955
1,57,1981
1,58,1956
1,49,1991
1,62,1957.5
1,37,1957.5
1,35,1956
1,54,1991
1,50,1984
1,30,1939
1,71,1929
1,48,1939
1,60,1991
1,99,1918
1,76,1929
1,88,1991
1,118,1918
1,37,1953
1,35,1972
1,54,1960
1,67,1972
1,42,1963
1,54,1983
1,30,1929
1,115,1991
1,54,1918
1,57,1963
1,107,1957.5
1,40,1991
1,34,1929
1,39,1958
1,68,1961
1,59,1954
1,65,1939
1,35,1957.5
1,36,1972
1,76,1929
1,50,1939
1,98,1996
1,105,1980
1,95,1957.5
1,90,1918
1,72,1963
1,29,1969
1,75,1975
1,54,1969
1,35,1970
1,57,1959
1,59,1918
1,88,1918
1,79,1957.5
1,92,1918
1,54,1972
1,85,1972
1,50,1970
1,86,1994
1,46,1991
1,68,1972
1,45,1996
1,39,1986
1,29,1971
1,56,1996
1,35,1968
1,67,1965
1,51,1961
1,50,1918
1,78,1957.5
1,36,1939
1,50,1918
1,67,1939
1,80,1958
1,73,1957.5
1,53,1988
1,51,1962
1,42,1958
1,73,1929
1,38,1967
1,70,1959
1,30,1983
1,56,1918
1,34,1962
1,76,1918
1,74,1985
1,78,1954
1,97,1957.5
1,53,1960
1,56,1918
1,73,1918
1,87,1918
1,50,1958
1,109,1929
1,70,1918
1,70,1957.5
1,37,1957.5
1,31,1957.5
1,86,1991
1,72,1954
1,63,1961
1,68,1965
1,74,1983
1,23,1961
1,59,1929
1,33,1963
1,63,1938
1,78,1971
1,58,1970
1,78,1918
1,98,1959
1,32,1952
1,72,1982
1,70,1972
1,47,1981
1,73,1968
1,30,1972
1,79,1957.5
1,54,1972
1,100,1989
1,67,1929
1,74,1957.5
1,73,1977
1,27,1972
1,56,1964
1,48,1957
1,65,1918
1,132,1929
1,48,1950
1,49,1972
1,103,1968
1,97,1918
1,32,1971
1,64,1984
1,64,1972
1,26,1962
1,64,1971
1,89,1983
1,70,1959
1,28,1958
1,38,1956
1,52,1986
1,29,1996
1,66,1983
1,95,1955
1,66,1972
1,70,1918
1,100,1939
1,78,1918
1,88,1972
1,35,1984
1,33,1962
1,95,1918
1,70,1957.5
1,94,1979
1,47,1990
1,81,1973
1,78,1968
1,58,1980
1,70,1968
1,52,1968
1,58,1963
1,43,1981
1,41,1970
1,58,1972
1,75,1960
1,54,1983
1,42,1956
1,60,1939
1,145,1918
1,86,1954
1,100,1918
1,54,1993
1,76,1991
1,30,1983
1,39,1918
1,72,1957.5
1,74,1957.5
1,86,1966
1,61,1983
1,60,1972
1,69,1972
1,100,1957.5
1,62,1918
1,64,1957.5
1,77,1918
1,76,1968
1,80,1969
1,27,1960
1,110,1918
1,73,1964
1,67,1957.5
1,44,1936
1,100,1918
1,68,1954
1,62,1972
1,81,1970
1,54,1960
1,30,1970
1,91,1985
1,79,1918
1,56,1970
1,37,1972
1,70,1989
1,40,1983
1,65,1918
1,60,1939
1,68,1957.5
1,77,1957.5
1,81,1957.5
1,96,1918
1,120,1924
1,42,1973
1,43,1964
1,57,1918
1,102,1918
1,58,1969
1,50,1957.5
1,49,1969
1,81,1970
1,28,1972
1,104,1990
1,67,1918
1,65,1918
1,70,1985
1,73,1934
1,82,1953
1,84,1957.5
1,45,1933
1,60,1929
1,67,1957.5
1,74,1960
1,45,1984
1,84,1965
1,100,1954
1,100,1918
1,98,1929
1,56,1992
1,50,1954
1,62,1957.5
1,64,1918
1,53,1972
1,80,1918
1,69,1961
1,86,1957.5
1,35,1971
1,61,1939
1,80,1976
1,40,1929
1,62,1929
1,65,1918
1,48,1957.5
1,75,1957.5
1,60,1957.5
1,92,1957.5
1,62,1957.5
1,84,1974
1,62,1939
1,144,1918
1,45,1984
1,53,1963
1,60,1918
1,65,1957.5
1,76,1929
1,65,1929
1,45,1918
1,45,1960
1,100,1960
1,67,1960
1,52,1960
1,85,1918
1,94,1972
1,58,1959
1,30,1958
1,92,1918
1,70,1951
1,70,1918
1,95,1984
1,42,1958
1,90,1959
1,46,1985
1,70,1967
1,56,1973
1,55,1983
1,30,1972
1,56,1962
1,70,1957.5
1,92,1918
1,53,1939
1,52,1959
1,65,1985
1,62,1967
1,68,1970
1,45,1937
1,62,1957.5
1,52,1958
1,45,1956
1,66,1991
1,87,1929
1,58,1957.5
1,84,1958
1,98,1988
1,70,1995
1,83,1968
1,99,1968
1,70,1970
1,73,1992
1,112,1918
1,58,1918
1,52,1957.5
1,35,1957.5
1,51,1969
1,30,1969
1,60,1961
1,73,1918
1,66,1952
1,59,1918
1,62,1962
1,31,1965
1,77,1957.5
1,67,1939
1,57,1959
1,88,1957.5
1,79,1960
1,65,1918
1,102,1918
1,64,1929
1,35,1974
1,80,1970
1,65,1971
1,64,1972
1,41,1972
1,40,1957.5
1,56,1958
1,80,1918
1,64,1918
1,110,1918
1,96,1983
1,62,1918
1,70,1924
1,100,1970
1,96,1991
1,44,1963
1,33,1960
1,60,1952
1,32,1957.5
1,68,1918
1,106,1977
1,47,1929
1,78,1981
1,60,1961
1,85,1964
1,72,1958
1,105,1980
1,70,1983
1,38,1971
1,40,1929
1,28,1957
1,56,1972
1,35,1976
1,70,1962
1,106,1953
1,33,1972
1,100,1983
1,28,1939
1,65,1957.5
1,59,1918
1,54,1937
1,34,1957
1,55,1984
1,81,1929
1,76,1966
1,69,1939
1,60,1991
1,83,1918
1,31,1970
1,60,1991
1,79,1962
1,76,1929
1,52,1929
1,37,1965
1,87,1991
1,110,1929
1,80,1969
1,33,1991
1,77,1918
1,71,1969
1,65,1957.5
1,63,1971
1,65,1962
1,87,1989
1,80,1983
1,43,1918
1,79,1975
1,48,1918
1,61,1972
1,64,1991
1,90,1918
1,76,1937
1,57,1918
1,36,1972
1,93,1957.5
1,90,1955
1,79,1957
1,92,1955
1,80,1955
1,80,1918
1,70,1918
1,59,1938
1,55,1955
1,41,1951
1,56,1954
1,70,1972
1,88,1959
1,86,1970
1,57,1957.5
1,68,1981
1,28,1957.5
1,56,1924
1,96,1940
1,65,1983
1,76,1983
1,73,1969
1,66,1967
1,46,1957.5
1,54,1957.5
1,76,1957.5
1,68,1961
1,78,1962
1,36,1961
1,61,1957.5
1,79,1963
1,34,1957.5
1,32,1960
1,68,1973
1,140,1939
1,54,1983
1,80,1960
1,73,1981
1,50,1993
1,51,1989
1,35,1972
1,66,1929
1,96,1970
1,98,1918
1,64,1924
1,52,1974
1,72,1968
1,60,1965
1,47,1971
1,78,1967
1,55,1967
1,72,1918
1,68,1918
1,32,1918
1,57,1958
1,87,1918
1,78,1918
1,78,1982
1,65,1957.5
1,42,1939
1,52,1966
1,61,1957.5
1,75,1958
1,63,1957.5
1,103,1949
1,70,1957.5
1,75,1957.5
1,68,1983
1,43,1939
1,28,1962
1,32,1960
1,91,1960
1,64,1937
1,48,1956
1,76,1937
1,82,1962
1,123,1918
1,68,1939
1,57,1954
1,50,1969
1,98,1929
1,110,1939
1,90,1985
1,78,1968
1,92,1918
1,51,1957.5
1,70,1929
1,58,1937
1,76,1924
1,83,1991
1,37,1966
1,74,1918
1,68,1929
1,110,1929
1,72,1918
1,93,1970
1,45,1992
1,71,1986
1,99,1957.5
1,100,1966
1,62,1996
1,64,1931
1,81,1959
1,85,1929
1,120,1918
1,85,1939
1,84,1967
1,52,1972
1,106,1939
1,72,1955
1,53,1984
1,48,1962
1,51,1955
1,50,1982
1,48,1957.5
1,83,1959
1,50,1986
1,86,1994
1,92,1918
1,77,1974
1,97,1971
1,45,1972
1,48,1918
1,37,1953
1,45,1957.5
1,94,1972
1,88,1939
1,97,1918
1,38,1972
1,90,1960
1,110,1918
1,54,1991
1,93,1918
1,67,1929
1,65,1959
1,64,1963
1,125,1929
1,81,1971
1,49,1960
1,96,1986
1,84,1939
1,83,1957.5
1,92,1929
1,54,1972
1,106,1959
1,60,1967
1,65,1972
1,86,1973
1,82,1959
1,83,1989
1,33,1939
1,60,1955
1,43,1954
1,93,1957.5
1,110,1918
1,33,1918
1,44,1957.5
1,92,1957.5
1,79,1978
1,58,1918
1,62,1957.5
1,53,1960
1,100,1918
1,50,1964
1,83,1961
1,61,1954
1,23,1957
1,80,1983
1,39,1939
1,88,1977
1,35,1929
1,82,1971
1,60,1918
1,60,1986
1,75,1963
1,89,1957.5
1,60,1918
1,80,1941
1,64,1960
1,100,1929
1,57,1960
1,69,1918
1,100,1924
1,76,1929
1,92,1958
1,105,1982
1,137,1918
1,35,1957.5
1,64,1970
1,82,1962
1,50,1991
1,78,1994.5
1,42,1939
1,72,1918
1,63,1958
1,100,1918
1,58,1960
1,29,1957.5
1,103,1939
1,114,1918
1,37,1971
1,64,1965
1,104,1918
1,70,1918
1,53,1972
1,101,1929
1,113,1972
1,69,1939
1,108,1918
1,71,1968
1,53,1982
1,70,1967
1,33,1956
1,50,1957.5
1,50,1957.5
1,103,1930
1,55,1918
1,102,1979
1,79,1957.5
1,146,1979
1,44,1966
1,40,1918
1,75,1940
1,54,1929
1,41,1956
1,82,1973
1,38,1966
1,92,1973
1,50,1957.5
1,83,1972
1,58,1972
1,65,1918
1,44,1973
1,82,1984
1,68,1965
1,60,1918
1,70,1957.5
1,32,1972
1,120,1918
1,40,1957.5
1,50,1991
1,28,1963
1,79,1970
1,45,1957.5
1,100,1971
1,63,1985
1,55,1972
1,54,1962
1,67,1963
1,59,1933
1,85,1994.5
1,65,1918
1,58,1986
1,76,1992
1,56,1957.5
1,70,1989
1,52,1972
1,65,1962
1,43,1991
1,68,1964
1,90,1979
1,64,1957
1,70,1965
1,40,1929
1,26,1972
1,39,1983
1,48,1932
1,70,1991
1,35,1995
1,37,1957.5
1,82,1984
1,58,1918
1,39,1991
1,71,1918
1,32,1972
1,87,1957.5
1,45,1918
1,38,1957.5
1,42,1964
1,125,1918
1,101,1980
1,78,1957
1,62,1993
1,89,1930
1,65,1918
1,43,1959
1,51,1986
1,58,1938
1,86,1957
1,53,1980
1,59,1994
1,73,1963
1,72,1972
1,64,1935
1,95,1918
1,29,1957.5
1,64,1918
1,36,1955
1,110,1918
1,28,1929
1,58,1918
1,32,1972
1,70,1918
1,60,1959
1,34,1957
1,113,1929
1,57,1957.5
1,80,1924
1,37,1929
1,68,1957.5
1,78,1980
1,46,1918
1,75,1972
1,39,1968
1,73,1968
1,65,1959
1,68,1918
1,34,1957
1,50,1957.5
1,70,1961
1,75,1961
1,41,1957.5
1,84,1991
1,59,1957.5
1,60,1956
1,32,1957.5
1,68,1979
1,52,1960
1,67,1939
1,90,1961
1,56,1955
1,56,1962
1,50,1972
1,91,1939
1,58,1984
1,86,1962
1,31,1972
1,78,1955
1,57,1972
1,118,1918
1,109,1918
1,70,1918
1,82,1985
1,82,1972
1,75,1971
1,85,1957.5
1,75,1984
1,76,1918
1,47,1983
1,35,1994
1,83,1983
1,62,1929
1,60,1918
1,56,1957.5
1,84,1918
1,51,1956
1,54,1957.5
1,130,1918
1,57,1996
1,49,1957.5
1,43,1972
1,55,1924
1,42,1918
1,60,1954
1,110,1983
1,69,1957
1,71,1983
1,100,1972
1,86,1983
1,40,1991
1,87,1968
1,30,1972
1,21,1966
1,71,1963
1,97,1918
1,62,1955
1,67,1964
1,94,1971
1,56,1972
1,36,1966
1,48,1985
1,65,1965
1,86,1960
1,76,1960
1,93,1955
1,28,1968
1,84,1981
1,95,1918
1,75,1918
1,67,1991
1,68,1970
1,65,1957.5
1,49,1983
1,38,1918
1,67,1936
1,35,1918
1,38,1957.5
1,80,1972
1,103,1959
1,130,1929
1,75,1957.5
1,102,1918
1,79,1986
1,52,1929
1,54,1966
1,36,1967
1,38,1957.5
1,58,1957.5
1,91,1979
1,49,1994
1,96,1939
1,108,1994.5
1,53,1939
1,58,1983
1,58,1954
1,68,1960
1,55,1981
1,54,1955
1,72,1968
1,45,1992
1,35,1972
1,99,1939
1,70,1918
1,66,1972
1,38,1970
1,119,1939
1,87,1962
1,38,1972
1,45,1971
1,86,1929
1,83,1972
1,100,1983
1,57,1955
1,45,1941
1,116,1964
1,30,1972
1,68,1963
1,74,1986
1,80,1973
1,78,1963
1,51,1989
1,58,1918
1,160,1918
1,56,1918
1,23,1969
1,79,1991
1,58,1958
1,155,1918
1,55,1939
1,90,1962
1,63,1979
1,53,1996
1,107,1972
1,50,1991
1,30,1965
1,30,1965
1,31,1957.5
1,44,1994
1,78,1959
1,67,1957.5
1,92,1957.5
1,44,1985
1,96,1979
1,48,1939
1,53,1957.5
1,38,1929
1,30,1959
1,64,1973
1,56,1957.5
1,48,1939
1,66,1957.5
1,62,1939
1,79,1971
1,64,1924
1,77,1918
1,96,1918
1,81,1957.5
1,52,1957.5
1,30,1957.5
1,37,1974
1,50,1929
1,118,1924
1,72,1996
1,74,1939
1,86,1963
1,55,1968
1,88,1957.5
1,63,1982
1,70,1957.5
1,93,1971
1,54,1996
1,82,1929
1,54,1976
1,43,1984
1,40,1938
1,95,1970
1,160,1918
1,56,1967
1,55,1958
1,125,1918
1,36,1972
1,27,1972
1,58,1957.5
1,64,1995
1,84,1957.5
1,60,1976
1,56,1964
1,47,1983
1,86,1937
1,60,1918
1,127,1918
1,55,1957.5
1,51,1932
1,62,1973
1,89,1962
1,75,1982
1,86,1970
1,31,1971
1,38,1957.5
1,75,1962
1,90,1918
1,115,1955
1,65,1918
1,65,1984
1,37,1991
1,66,1963
1,56,1983
1,75,1971
1,54,1983
1,84,1970
1,65,1963
1,47,1972
1,90,1970
1,37,1971
1,63,1964
1,100,1968
1,58,1962
1,56,1984
1,58,1986
1,33,1973
1,64,1961
1,32,1961
1,81,1968
1,76,1939
1,78,1994.5
1,81,1985
1,50,1972
1,38,1958
1,65,1957.5
1,67,1967
1,101,1929
1,26,1960
1,67,1991
1,77,1959
1,57,1972
1,72,1972
1,38,1972
1,57,1977
1,68,1957.5
1,79,1989
1,90,1989
1,65,1968
1,69,1956
1,70,1956
1,50,1972
1,57,1957.5
1,33,1939
1,130,1918
1,58,1955
1,81,1993
1,50,1963
1,60,1929
1,52,1959
1,79,1973
1,41,1986
1,105,1969
1,40,1972
1,69,1983
1,29,1966
1,56,1967
1,120,1918
1,122,1918
1,100,1918
1,87,1980
1,63,1918
1,65,1929
1,110,1929
1,34,1961
1,64,1963
1,72,1972
1,94,1982
1,88,1955
1,35,1971
1,65,1972
1,93,1918
1,73,1957.5
1,54,1918
1,50,1957.5
1,62,1972
1,56,1957.5
1,77,1969
1,60,1961
1,24,1960
1,46,1957.5
1,72,1918
1,46,1952
1,32,1971
1,50,1984
1,77,1957.5
1,39,1957.5
1,67,1957.5
1,98,1963
1,30,1968
1,45,1992
1,58,1929
1,64,1991
1,28,1961
1,80,1970
1,43,1957.5
1,35,1959
1,38,1959
1,49,1963
1,62,1972
1,117,1918
1,59,1960
1,84,1961
1,63,1957.5
1,112,1918
1,56,1969
1,86,1918
1,90,1956
1,59,1958
1,92,1918
1,47,1967
1,65,1957.5
1,62,1918
1,56,1929
1,65,1961
1,95,1959
1,65,1960
1,100,1985
1,80,1929
1,68,1939
1,53,1957.5
1,37,1966
1,73,1972
1,80,1957.5
1,64,1934
1,70,1955
1,67,1961
1,50,1958
1,34,1972
1,134,1918
1,54,1929
1,52,1929
1,65,1994
1,38,1958
1,53,1939
1,70,1961
1,59,1929
1,52,1957.5
1,120,1939
1,65,1929
1,106,1954
1,67,1957.5
1,40,1965
1,66,1959
1,70,1989
1,109,1929
1,30,1971
1,47,1972
1,60,1979
1,60,1929
1,48,1957.5
1,30,1939
1,53,1957.5
1,58,1924
1,88,1951
1,80,1972
1,72,1963
1,69,1964
1,55,1959
1,63,1963
1,37,1957.5
1,155,1929
1,48,1962
1,73,1969
1,54,1960
1,107,1959
1,53,1973
1,86,1939
1,70,1918
1,75,1957.5
1,72,1954
1,72,1970
1,60,1984
1,39,1957.5
1,83,1924
1,120,1918
1,98,1929
1,36,1957.5
1,85,1969
1,83,1972
1,50,1994
1,43,1969
1,48,1966
1,98,1959
1,89,1979
1,85,1980
1,59,1960
1,75,1929
1,62,1918
1,65,1994
1,37,1924
1,97,1994
1,59,1991
1,45,1965
1,42,1983
1,45,1941
1,82,1935
1,38,1995
1,29,1956
1,61,1957.5
1,105,1918
1,43,1918
1,85,1918
1,96,1918
1,85,1957.5
1,82,1957.5
1,54,1957.5
1,28,1957.5
1,71,1973
1,54,1968
1,32,1973
1,77,1994.5
1,21,1972
1,90,1918
1,48,1996
1,52,1957.5
1,66,1929
1,32,1967
1,85,1929
1,50,1956
1,140,1918
1,65,1929
1,80,1929
1,94,1918
1,89,1973
1,33,1970
1,65,1972
1,68,1961
1,56,1918
1,68,1972
1,78,1939
1,115,1955
1,78,1968
1,63,1971
1,67,1972
1,88,1934
1,50,1929
1,95,1918
1,93,1964
1,55,1981
1,50,1967
1,157,1918
1,80,1991
1,43,1991
1,80,1960
1,49,1948
1,50,1918
1,43,1952
1,43,1937
1,47,1952
1,110,1918
1,80,1929
1,63,1957.5
1,48,1957.5
1,50,1918
1,39,1972
1,25,1961
1,62,1956
1,68,1957.5
1,81,1959
1,79,1991
1,72,1976
1,61,1961
1,56,1964
1,60,1918
1,56,1985
1,42,1940
1,84,1970
1,26,1959
1,95,1918
1,76,1929
1,78,1957.5
1,40,1966
1,33,1973
1,80,1981
1,106,1969
1,48,1972
1,64,1960
1,86,1965
1,83,1957.5
1,68,1972
1,57,1988
1,55,1957.5
1,95,1983
1,39,1961
1,85,1973
1,28,1950
1,56,1939
1,32,1991
1,64,1918
1,57,1918
1,40,1994.5
1,110,1918
1,86,1972
1,60,1918
1,32,1968
1,60,1939
1,41,1961
1,49,1957.5
1,33,1961
1,59,1990
1,34,1965
1,35,1929
1,36,1972
1,26,1918
1,137,1918
1,82,1939
1,30,1959
1,72,1991
1,51,1940
1,34,1977
1,29,1959
1,145,1929
1,20,1972
1,56,1957.5
1,35,1939
1,63,1954
1,64,1959
1,73,1968
1,100,1972
1,85,1957.5
1,54,1939
1,39,1957.5
1,78,1961
1,37,1957
1,69,1984
1,30,1960
1,57,1940
1,85,1969
1,20,1957.5
1,68,1957.5
1,56,1962
1,86,1953
1,32,1955
1,74,1960
1,65,1959
1,35,1950
1,83,1961
1,79,1958
1,98,1974
1,101,1929
1,75,1918
1,84,1981
1,51,1958
1,58,1939
1,35,1957
1,56,1972
1,61,1954
1,77,1968
1,65,1993
1,33,1983
1,96,1929
1,136,1929
1,68,1981
1,56,1970
1,76,1939
1,49,1994
1,41,1973
1,60,1963
1,63,1918
1,58,1967
1,44,1957.5
1,72,1993
1,70,1930
1,55,1939
1,76,1963
1,63,1924
1,72,1974
1,82,1939
1,44,1991
1,87,1918
1,102,1929
1,124,1918
1,46,1948
1,35,1957.5
1,60,1984
1,81,1986
1,85,1957.5
1,49,1963
1,35,1972
1,57,1929
1,50,1971
1,78,1939
1,45,1959
1,77,1967
1,48,1988
1,65,1957.5
1,52,1932
1,32,1972
1,28,1957.5
1,52,1957.5
1,65,1972
1,68,1952
1,54,1957.5
1,90,1918
1,83,1964
1,63,1960
1,43,1918
1,40,1990
1,36,1979
1,75,1929
1,67,1924
1,77,1956
1,32,1957.5
1,21,1959
1,62,1973
1,100,1963
1,33,1972
1,60,1973
1,62,1939
1,63,1936
1,97,1974
1,67,1939
1,47,1984
1,60,1957.5
1,31,1918
1,64,1973
1,86,1950
1,99,1918
1,63,1968
1,120,1924
1,95,1939
1,67,1959
1,110,1957.5
1,41,1972
1,44,1918
1,80,1954
1,112,1918
1,75,1967
1,120,1971
1,85,1988
1,160,1918
1,53,1973
1,86,1985
1,93,1918
1,67,1971
1,83,1918
1,110,1918
1,41,1972
1,62,1953
1,50,1924
1,43,1983
1,36,1957
1,123,1957.5
1,54,1918
1,40,1960
1,60,1970
1,60,1966
1,125,1918
1,50,1957
1,84,1972
1,72,1939
1,60,1968
1,83,1966
1,45,1960
1,99,1972
1,102,1918
1,45,1918
1,74,1960
1,87,1957
1,70,1918
1,45,1966
1,78,1960
1,75,1986
1,34,1994
1,63,1957
1,110,1972
1,86,1918
1,148,1918
1,106,1924
1,95,1918
1,29,1960
1,78,1983
1,90,1957
1,47,1939
1,67,1957
1,105,1918
1,72,1972
1,62,1960
1,64,1983
1,55,1957
1,68,1948
1,33,1968
1,66,1948
1,74,1966
1,46,1966
1,107,1918
1,71,1960
1,78,1960
1,120,1918
1,68,1960
1,50,1957
1,63,1960
1,61,1960
1,85,1968
1,73,1960
1,65,1988
1,29,1996
1,80,1957.5
1,57,1924
1,35,1960
1,71,1960
1,91,1924
1,91,1980
1,62,1981
1,102,1980
1,63,1960
1,84,1918
1,58,1974
1,62,1987
1,69,1967
1,58,1972
1,50,1957
1,65,1960
1,70,1957
1,86,1973
1,92,1973
1,108,1957.5
1,74,1967
1,85,1966
1,65,1960
1,43,1948
1,32,1966
1,45,1966
1,65,1957.5
1,44,1966
1,81,1957
1,91,1966
1,72,1972
1,47,1972
1,52,1969
1,80,1970
1,53,1993
1,99,1977
1,89,1924
1,36,1918
1,84,1957.5
1,64,1974
1,70,1924
1,63,1957
1,54,1957.5
1,48,1966
1,178,1990
1,82,1918
1,58,1957
1,69,1957
1,47,1967
1,66,1967
1,31,1966
1,39,1971
1,30,1957
1,62,1948
1,29,1972
1,47,1972
1,52,1957
1,85,1966
1,55,1973
1,111,1957.5
1,67,1957.5
1,48,1970
1,90,1974
1,38,1972
1,60,1960
1,96,1981
1,82,1966
1,79,1966
1,73,1973
1,100,1994.5
1,92,1973
1,34,1918
1,72,1983
1,84,1973
1,65,1974
1,94,1974
1,65,1973
1,105,1918
1,24,1957.5
1,90,1924
1,45,1918
1,71,1957
1,53,1972
1,136,1971
1,154,1924
1,75,1918
1,74,1957
1,96,1960
1,42,1966
1,72,1957.5
1,57,1957
1,89,1957
1,76,1957
1,118,1924
1,99,1972
1,28,1971
1,66,1948
1,56,1960
1,75,1957
1,36,1960
1,74,1939
1,48,1957
1,37,1992
1,72,1924
1,63,1918
1,80,1957
1,54,1939
1,99,1972
1,22,1972
1,58,1957
1,79,1966
1,37,1966
1,65,1960
1,47,1996
1,58,1960
1,39,1970
1,30,1966
1,51,1960
1,73,1969
1,73,1960
1,24,1974
1,38,1939
1,97,1987
1,20,1973
1,71,1966
1,58,1957.5
1,127,1957.5
1,140,1918
1,69,1924
1,64,1972
1,82,1924
1,79,1960
1,65,1924
1,92,1957.5
1,49,1948
1,61,1985
1,76,1918
1,30,1957.5
1,43,1918
1,74,1970
1,65,1957
1,83,1918
1,98,1918
1,58,1957
1,106,1924
1,50,1973
1,30,1960
1,58,1990
1,50,1957
1,49,1960
1,38,1960
1,42,1957.5
1,72,1960
1,61,1957
1,87,1974
1,55,1966
1,50,1991
1,149,1918
1,60,1973
1,74,1972
1,97,1957
1,80,1957.5
1,45,1960
1,46,1924
1,94,1966
1,73,1974
1,54,1971
1,78,1975
1,95,1972
1,67,1957
1,75,1918
1,29,1973
1,64,1957.5
1,69,1972
1,114,1980
1,89,1977
1,70,1972
1,54,1924
1,73,1957.5
1,72,1966
1,73,1966
1,36,1980
1,68,1918
1,49,1924
1,23,1966
1,110,1966
1,34,1960
1,146,1918
1,60,1957.5
1,105,1948
1,38,1918
1,95,1918
1,74,1967
1,89,1972
1,83,1992
1,82,1991
1,53,1967
1,94,1982
1,35,1973
1,33,1957
1,207,1918
1,74,1924
1,80,1973
1,98,1969
1,44,1957
1,32,1966
1,57,1996
1,50,1918
1,101,1957
1,70,1983
1,85,1960
1,91,1924
1,65,1970
1,65,1948
1,30,1960
1,50,1973
1,60,1985
1,116,1993
1,72,1969
1,67,1960
1,86,1960
1,91,1966
1,78,1948
1,76,1966
1,32,1974
1,71,1967
1,33,1966
1,77,1997
1,77,1957.5
1,65,1924
1,85,1975
1,49,1957
1,66,1983
1,48,1960
1,51,1918
1,95,1924
1,78,1918
1,65,1960
1,53,1957
1,33,1983
1,157,1957
1,57,1972
1,66,1918
1,78,1918
1,108,1924
1,38,1918
1,66,1957
1,96,1948
1,108,1966
1,95,1972
1,56,1957
1,82,1939
1,55,1966
1,108,1918
1,122,1957
1,89,1939
1,67,1918
1,35,1960
1,40,1973
1,162,1982
1,62,1957
1,87,1957.5
1,46,1924
1,44,1957.5
1,43,1957
1,124,1918
1,30,1972
1,52,1918
1,56,1957
1,67,1960
1,34,1972
1,60,1966
1,55,1957.5
1,65,1918
1,104,1972
1,32,1972
1,82,1973
1,80,1957.5
1,72,1960
1,97,1976
1,87,1983
1,56,1918
1,29,1957.5
1,79,1918
1,85,1918
1,107,1971
1,76,1974
1,81,1924
1,50,1957.5
1,100,1918
1,52,1918
1,100,1966
1,40,1990
1,61,1984
1,42,1957
1,95,1918
1,56,1918
1,49,1966
1,66,1966
1,110,1989
1,75,1986
1,31,1957
1,65,1918
1,30,1975
1,81,1924
1,71,1924
1,50,1948
1,36,1948
1,74,1972
1,66,1957
1,66,1948
1,60,1939
1,150,1918
1,95,1948
1,100,1957
1,42,1972
1,48,1918
1,43,1918
1,55,1968
1,75,1957.5
1,73,1972
1,28,1972
1,45,1960
1,96,1924
1,127,1918
1,36,1991
1,40,1960
1,74,1967
1,85,1918
1,68,1957.5
1,58,1966
1,86,1957.5
1,58,1969
1,51,1948
1,78,1957.5
1,70,1957
1,78,1986
1,68,1969
1,47,1966
1,27,1990
1,58,1969
1,68,1972
1,120,1966
1,75,1918
1,60,1970
1,80,1960
1,69,1985
1,74,1972
1,52,1975
1,65,1972
1,30,1966
1,20,1960
1,80,1973
1,69,1960
1,49,1957.5
1,73,1966
1,33,1972
1,102,1988
1,95,1972
1,33,1976
1,35,1971
1,46,1948
1,53,1939
1,83,1960
1,76,1924
1,56,1918
1,46,1960
1,73,1918
1,75,1924
1,60,1924
1,61,1957
1,78,1918
1,50,1957
1,80,1957
1,104,1999
1,43,1948
1,57,1983
1,55,1966
1,52,1939
1,65,1967
1,76,1924
1,36,1967
1,74,1957
1,53,1924
1,72,1918
1,108,1924
1,60,1960
1,30,1967
1,138,1918
1,58,1960
1,106,1960
1,80,1957
1,77,1939
1,52,1939
1,78,1960
1,62,1957
1,98,1948
1,35,1980
1,72,1966
1,60,1957
1,76,1973
1,37,1991
1,70,1924
1,29,1972
1,65,1969
1,75,1993
1,100,1960
1,60,1978
1,94,1973
1,39,1966
1,35,1960
1,62,1918
1,84,1918
1,72,1918
1,48,1957
1,103,1948
1,80,1957.5
1,72,1966
1,68,1967
1,67,1966
1,55,1966
1,90,1918
1,49,1918
1,74,1948
1,62,1972
1,54,1960
1,53,1957
1,72,1918
1,63,1957.5
1,53,1957
1,62,1918
1,87,1948
1,56,1992
1,42,1972
1,36,1973
1,110,1972
1,33,1957.5
1,77,1966
1,64,1960
1,52,1966
1,73,1972
1,30,1986
1,100,1973
1,80,1957
1,70,1918
1,45,1967
1,89,1972
1,133,1924
1,73,1999
1,52,1918
1,66,1918
1,38,1968
1,98,1957
1,65,1957
1,111,1918
1,63,1918
1,71,1966
1,33,1970
1,83,1957
1,74,1918
1,84,1973
1,84,1975
1,80,1957.5
1,60,1957
1,176,1918
1,77,1973
1,54,1997
1,72,1999
1,50,1996
1,66,1960
1,79,1988
1,47,1967
1,30,1972
1,85,1991
1,60,1972
1,86,1972
1,79,1957.5
1,53,1966
1,99,1976
1,87,1993
1,63,1991
1,46,1972
1,47,1970
1,59,1969
1,49,1966
1,26,1971
1,104,1998
1,71,1984
1,93,1924
1,90,1966
1,74,1966
1,56,1924
1,76,1957.5
1,61,1924
1,60,1924
1,41,1918
1,95,1918
1,90,1918
1,38,1960
1,50,1993
1,91,1966
1,67,1972
1,64,1974
1,60,1983
1,63,1982
1,70,1971
1,60,1948
1,84,1972
1,97,1983
1,29,1957.5
1,55,1967
1,67,1969
1,74,1966
1,67,1948
1,63,1966
1,35,1994.5
1,52,1995
1,44,1948
1,60,1986
1,55,1960
1,67,1973
1,86,1957.5
1,92,1918
1,98,1918
1,89,1957.5
1,57,1971
1,71,1966
1,43,1924
1,63,1974
1,65,1957.5
1,70,1918
1,80,1957
1,61,1918
1,31,1972
1,49,1972
1,52,1957
1,87,1966
1,55,1969
1,88,1974
1,108,1974
1,60,1957.5
1,60,1966
1,59,1983
1,45,1957.5
1,60,1918
1,54,1973
1,83,1966
1,33,1966
1,58,1918
1,103,1918
1,55,1948
1,79,1957.5
1,88,1967
1,86,1972
1,108,1973
1,52,1957.5
1,72,1966
1,94,1924
1,40,1972
1,77,1972
1,77,1957
1,76,1960
1,50,1957
1,101,1918
1,63,1982
1,93,1974
1,77,1966
1,180,1960
1,60,1957.5
1,59,1924
1,70,1918
1,32,1968
1,36,1997
1,66,1957.5
1,75,1957
1,50,1984
1,190,1918
1,31,1972
1,60,1972
1,98,1918
1,74,1966
1,73,1966
1,69,1924
1,49,1957.5
1,59,1957
1,60,1960
1,25,1973
1,96,1967
1,70,1969
1,96,1985
1,67,1924
1,56,1972
1,76,1968
1,58,1969
1,159,1918
1,60,1960
1,82,1960
1,72,1948
1,56,1960
1,96,1970
1,71,1966
1,80,1973
1,101,1973
1,62,1969
1,89,1960
1,79,1997
1,81,1918
1,33,1957
1,90,1957
1,35,1966
1,60,1968
1,70,1918
1,84,1948
1,65,1918
1,62,1924
1,55,1957.5
1,84,1995
1,72,1918
1,95,1957
1,51,1957
1,35,1960
1,83,1957
1,46,1918
1,66,1982
1,49,1918
1,75,1985
1,53,1972
1,70,1981
1,70,1918
1,120,1918
1,54,1957
1,58,1983
1,96,1973
1,80,1948
1,220,1971
1,110,1973
1,100,1918
1,66,1996
1,49,1939
1,145,1983
1,45,1924
1,61,1972
1,52,1957
1,93,1957.5
1,73,1972
1,48,1966
1,66,1986
1,36,1970
1,60,1999
1,96,1972
1,37,1973
1,71,1993
1,31,1972
1,40,1969
1,78,1969
1,78,1969
1,78,1972
1,90,1990
1,58,1983
1,82,1966
1,70,1966
1,30,1970
1,60,1966
1,70,1967
1,93,1948
1,45,1972
1,104,1972
1,93,1960
1,160,1918
1,46,1939
1,55,1983
1,35,1957
1,99,1966
1,44,1957.5
1,55,1939
1,35,1972
1,46,1939
1,91,1991
1,61,1924
1,56,1948
1,37,1948
1,32,1972
1,26,1960
1,70,1966
1,63,1973
1,53,1972
1,96,1918
1,95,1972
1,99,1918
1,78,1960
1,106,1918
1,66,1957
1,56,1957
1,85,1957.5
1,35,1972
1,76,1924
1,45,1957.5
1,71,1924
1,54,1996
1,70,1966
1,97,1972
1,90,1918
1,130,1918
1,110,1918
1,70,1960
1,65,1918
1,78,1957
1,51,1966
1,73,1924
1,58,1972
1,100,1939
1,100,1972
1,57,1969
1,82,1973
1,55,1957
1,52,1960
1,55,1957
1,48,1918
1,68,1957.5
1,61,1957
1,56,1957
1,66,1924
1,86,1972
1,75,1968
1,70,1972
1,64,1957
1,55,1987
1,67,1997
1,73,1969
1,92,1960
1,68,1972
1,70,1980
1,56,1924
1,55,1960
1,40,1960
1,44,1975
1,77,1973
1,73,1918
1,37,1957.5
1,87,1957.5
1,79,1918
1,68,1918
1,22,1957.5
1,83,1918
1,140,1972
1,89,1966
1,96,1987
1,82,1972
1,98,1991
1,103,1968
1,53,1918
1,59,1982
1,96,1966
1,101,1924
1,30,1960
1,50,1957.5
1,90,1957.5
1,69,1957.5
1,56,1972
1,77,1972
1,63,1957
1,41,1918
1,44,1966
1,110,1924
1,112,1918
1,59,1957
1,70,1957
1,60,1972
1,243,1918
1,100,1967
1,120,1972
1,84,1957.5
1,88,1992
1,27,1972
1,71,1966
1,73,1957.5
1,98,1966
1,54,1924
1,43,1924
1,73,1948
1,110,1918
1,71,1966
1,88,1918
1,140,1960
1,28,1966
1,44,1924
1,92,1918
1,46,1918
1,67,1975
1,78,1973
1,122,1918
1,58,1970
1,48,1966
1,78,1969
1,41,1970
1,30,1957.5
1,24,1966
1,87,1973
1,67,1967
1,68,1966
1,73,1948
1,101,1924
1,80,1957.5
1,70,1996
1,76,1982
1,65,1957
1,60,1957
1,85,1924
1,54,1918
1,68,1924
1,55,1999
1,86,1948
1,75,1966
1,25,1966
1,90,1918
1,58,1939
1,59,1957.5
1,73,1957
1,68,1957
1,87,1918
1,52,1957
1,130,1948
1,28,1960
1,74,1918
1,70,1957.5
1,96,1918
1,61,1966
1,95,1924
1,51,1918
1,53,1918
1,73,1957.5
1,54,1918
1,57,1966
1,38,1948
1,81,1939
1,59,1957
1,76,1960
1,93,1957
1,70,1918
1,127,1918
1,80,1972
1,27,1972
1,66,1966
1,56,1966
1,43,1939
1,112,1918
1,76,1957
1,64,1966
1,60,1957.5
1,70,1973
1,104,1957
1,48,1966
1,42,1957
1,86,1924
1,90,1957
1,65,1971
1,120,1918
1,115,1918
1,59,1957
1,100,1996
1,108,1973
1,75,1970
1,128,1974
1,79,1973
1,105,1918
1,126,1957.5
1,59,1924
1,63,1960
1,78,1960
1,98,1918
1,63,1991
1,62,1966
1,37,1972
1,38,1972
1,60,1972
1,76,1957
1,34,1972
1,64,1957
1,90,1948
1,31,1957
1,81,1972
1,65,1972
1,200,1924
1,98,1924
1,44,1983
1,96,1998
1,63,1966
1,64,1966
1,48,1960
1,70,1957
1,49,1939
1,103,1918
1,91,1918
1,105,1924
1,64,1918
1,79,1992
1,83,1991
1,56,1966
1,44,1971
1,67,1957
1,54,1969
1,52,1957
1,79,1960
1,109,1918
1,102,1918
1,28,1918
1,66,1957
1,52,1918
1,30,1960
1,87,1966
1,94,1918
1,70,1985
1,95,1918
1,75,1939
1,51,1966
1,33,1966
1,70,1995
1,44,1918
1,62,1969
1,54,1966
1,77,1999
1,74,1984
1,93,1957.5
1,69,1996
1,92,1972
1,86,1993
1,53,1995
1,78,1972
1,82,1985
1,45,1960
1,79,1967
1,82,1966
1,84,1957.5
1,75,1970
1,29,1939
1,35,1939
1,47,1918
1,75,1918
1,75,1957.5
1,65,1957
1,32,1957
1,61,1995
1,32,1970
1,52,1939
1,85,1957
1,88,1976
1,24,1983
1,88,1990
1,68,1966
1,60,1918
1,95,1966
1,35,1939
1,78,1991
1,38,1924
1,71,1918
1,70,1966
1,91,1918
1,52,1997
1,39,1972
1,70,1918
1,71,1924
1,80,1960
1,63,1991
1,79,1972
1,66,1957.5
1,49,1957
1,70,1918
1,64,1966
1,120,1986
1,62,1971
1,60,1938
1,77,1969
1,67,1960
1,88,1972
1,72,1998
1,57,1948
1,83,1986
1,61,1957.5
1,63,1918
1,89,1957.5
1,75,1924
1,38,1957
1,150,1918
1,61,1957
1,110,1918
1,50,1973
1,115,1918
1,86,1972
1,60,1957
1,68,1977
1,87,1967
1,61,1924
1,29,1966
1,61,1966
1,39,1972
1,50,1983
1,63,1960
1,34,1960
1,25,1960
1,97,1924
1,70,1918
1,104,1918
1,62,1957.5
1,37,1960
1,68,1957
1,40,1972
1,56,1967
1,100,1918
1,88,1972
1,47,1996
1,59,1948
1,90,1960
1,69,1924
1,50,1960
1,74,1973
1,96,1969
1,45,1957.5
1,32,1970
1,43,1991
1,108,1994
1,29,1939
1,76,1918
1,76,1918
1,57,1966
1,60,1966
1,60,1924
1,24,1974
1,76,1997
1,66,1969
1,59,1991
1,78,1985
1,65,1960
1,72,1994
1,82,1991
1,61,1966
1,46,1918
1,61,1966
1,68,1992
1,96,1918
1,58,1989
1,68,1967
1,38,1972
1,71,1966
1,35,1918
1,64,1984
1,104,1948
1,87,1939
1,70,1918
1,37,1924
1,40,1960
1,76,1980
1,56,1960
1,63,1960
1,70,1924
1,86,1983
1,36,1973
1,32,1960
1,25,1968
1,90,1918
1,36,1957
1,52,1966
1,32,1972
1,38,1957.5
1,70,1918
1,135,1918
1,74,1948
1,65,1918
1,75,1991
1,120,1981
1,54,1918
1,30,1966
1,45,1966
1,55,1983
1,114,1983
1,100,1918
1,28,1972
1,54,1966
1,32,1957.5
1,71,1995
1,82,1983
1,80,1948
1,53,1957
1,97,1960
1,90,1973
1,59,1985
1,71,1918
1,78,1957.5
1,69,1966
1,45,1957.5
1,50,1957
1,63,1957
1,120,1957
1,72,1969
1,80,1986
1,70,1948
1,32,1973
1,28,1969
1,23,1983
1,60,1968
1,96,1918
1,57,1966
1,78,1957
1,76,1986
1,68,1984
1,40,1948
1,99,1997
1,51,1957.5
1,56,1966
1,57,1957
1,90,1991
1,34,1983
1,90,1948
1,58,1983
1,118,1918
1,32,1974
1,87,1966
1,110,1992
1,95,1948
1,62,1966
1,80,1957.5
1,29,1918
1,61,1972
1,76,1957
1,76,1957
1,80,1966
1,30,1972
1,75,1971
1,45,1972
1,86,1918
1,36,1918
1,48,1972
1,56,1939
1,48,1972
1,39,1991
1,60,1991
1,85,1960
1,100,1994.5
1,68,1966
1,93,1966
1,86,1972
1,80,1994
1,78,1966
1,90,1983
1,61,1918
1,42,1972
1,80,1988
1,51,1918
1,74,1918
1,22,1957.5
1,72,1924
1,84,1924
1,49,1957
1,62,1983
1,80,1957.5
1,56,1987
1,71,1973
1,150,1918
1,80,1960
1,73,1966
1,85,1972
1,90,1924
1,68,1957
1,66,1960
1,40,1973
1,40,1939
1,68,1968
1,90,1971
1,64,1991
1,64,1957.5
1,67,1948
1,49,1969
1,64,1972
1,80,1963
1,107,1972
1,77,1969
1,70,1957
1,58,1987
1,73,1918
1,95,1918
1,47,1957
1,85,1973
1,73,1982
1,53,1918
1,60,1972
1,83,1992
1,91,1986
1,73,1924
1,57,1957.5
1,56,1966
1,60,1972
1,85,1924
1,94,1982
1,48,1957
1,49,1991
1,63,1939
1,95,1994
1,30,1960
1,70,1986
1,56,1957.5
1,57,1957.5
1,34,1960
1,34,1957
1,117,1957
1,70,1960
1,40,1973
1,32,1969
1,60,1988
1,27,1966
1,120,1948
1,30,1924
1,35,1982
1,47,1972
1,80,1918
1,66,1918
1,51,1957
1,77,1985
1,54,1948
1,32,1973
1,44,1957
1,64,1960
1,84,1957
1,70,1983
1,89,1969
1,63,1918
1,38,1924
1,23,1971
1,81,1966
1,74,1969
1,45,1957
1,100,1924
1,52,1957.5
1,78,1918
1,57,1957
1,52,1918
1,70,1918
1,68,1971
1,198,1918
1,45,1994
1,57,1982
1,62,1980
1,77,1957
1,71,1957.5
1,54,1918
1,63,1924
1,69,1957.5
1,84,1973
1,48,1957.5
1,45,1918
1,30,1957
1,62,1957
1,66,1972
1,25,1972
1,176,1966
1,65,1957
1,105,1960
1,150,1966
1,30,1966
1,61,1957
1,32,1957
1,73,1918
1,87,1918
1,50,1918
1,54,1957.5
1,150,1918
1,80,1966
1,78,1948
1,85,1918
1,58,1975
1,46,1972
1,25,1969
1,51,1957.5
1,42,1957.5
1,61,1948
1,97,1939
1,64,1924
1,80,1971
1,86,1998
1,168,1973
1,42,1970
1,60,1918
1,48,1939
1,59,1957
1,68,1918
1,84,1957.5
1,42,1918
1,63,1971
1,75,1998
1,94,1924
1,47,1994.5
1,75,1966
1,63,1966
1,46,1988
1,89,1957.5
1,36,1987
1,60,1972
1,67,1966
1,71,1960
1,117,1918
1,78,1939
1,92,1939
1,70,1924
1,81,1948
1,48,1973
1,82,1957.5
1,60,1966
1,76,1966
1,72,1924
1,70,1966
1,74,1972
1,83,1991
1,75,1969
1,54,1948
1,86,1948
1,74,1918
1,120,1918
1,68,1972
1,38,1918
1,58,1960
1,106,1957
1,92,1957
1,36,1984
1,91,1918
1,30,1939
1,29,1957.5
1,37,1972
1,32,1970
1,37,1971
1,36,1960
1,98,1966
1,42,1960
1,60,1948
1,86,1948
1,26,1971
1,53,1972
1,70,1924
1,80,1924
1,56,1957
1,123,1918
1,62,1918
1,56,1966
1,130,1918
1,101,1924
1,70,1982
1,105,1924
1,75,1997
1,88,1973
1,77,1994.5
1,70,1918
1,82,1918
1,110,1918
1,72,1972
1,54,1983
1,100,1983
1,80,1966
1,104,1980
1,43,1983
1,39,1992
1,52,1918
1,97,1924
1,53,1957.5
1,140,1998
1,42,1966
1,50,1960
1,76,1957
1,49,1960
1,36,1966
1,57,1974
1,55,1966
1,53,1983
1,30,1924
1,58,1957
1,27,1972
1,107,1982
1,100,1957
1,36,1972
1,80,1991
1,78,1918
1,44,1982
1,35,1939
1,40,1948
1,49,1960
1,72,1966
1,69,1967
1,60,1960
1,62,1957
1,80,1960
1,70,1957
1,92,1918
1,75,1918
1,40,1957.5
1,81,1973
1,60,1957
1,75,1939
1,83,1969
1,64,1972
1,30,1957
1,74,1953
1,46,1966
1,46,1924
1,54,1960
1,46,1992
1,42,1985
1,86,1924
1,75,1924
1,81,1918
1,80,1957
1,53,1948
1,107,1972
1,63,1957.5
1,68,1957
1,75,1968
1,90,1918
1,55,1969
1,69,1957.5
1,57,1918
1,80,1918
1,39,1966
1,103,1993
1,58,1957
1,67,1972
1,87,1973
1,73,1960
1,108,1924
1,32,1957.5
1,82,1957
1,70,1918
1,54,1966
1,56,1971
1,63,1948
1,32,1966
1,68,1960
